AVG_Optical_Flow,Timestamp
0.04919801,0.0
0.75695443,0.39998400063997436
0.37442663,0.7999680012799487
0.9747774,1.199952001919923
0.5058125,1.5999360025598974
0.44394872,1.9999200031998718
0.653359,2.399904003839846
0.19488923,2.7998880044798207
0.25826347,3.199872005119795
0.528803,3.599856005759769
0.24050634,3.9998400063997437
0.394165,4.399824007039718
0.18362905,4.799808007679692
0.3314899,5.199792008319666
0.302665,5.599776008959641
0.3150328,5.9997600095996155
0.7665528,6.39974401023959
1.8279634,6.799728010879564
1.1246686,7.199712011519538
0.76581556,7.599696012159513
1.0448536,7.999680012799487
0.7428625,8.39966401343946
0.47174245,8.799648014079436
0.57016563,9.19963201471941
1.3886722,9.599616015359384
1.2655972,9.99960001599936
2.3437912,10.399584016639333
1.0266306,10.799568017279308
0.5041762,11.199552017919283
1.1448321,11.599536018559256
0.84150845,11.999520019199231
0.5860957,12.399504019839204
0.42268366,12.79948802047918
0.4104012,13.199472021119155
0.2735392,13.599456021759128
0.24381198,13.999440022399103
0.27440587,14.399424023039076
0.1709843,14.799408023679051
0.62123895,15.199392024319026
1.3092175,15.599376024959
1.5382848,15.999360025598975
0.42642087,16.39934402623895
0.6223579,16.79932802687892
0.42426726,17.199312027518896
0.88255465,17.59929602815887
0.54876757,17.999280028798847
0.40752655,18.39926402943882
0.5133328,18.799248030078793
0.49625027,19.19923203071877
0.19494355,19.599216031358743
0.20420714,19.99920003199872
0.48040238,20.399184032638694
0.20488562,20.799168033278665
1.2087679,21.19915203391864
0.39007545,21.599136034558615
0.34841657,21.99912003519859
1.723859,22.399104035838565
1.6081741,22.799088036478537
1.9184005,23.199072037118512
0.5622906,23.599056037758487
0.564359,23.999040038398462
1.0743219,24.399024039038437
0.68392754,24.79900803967841
1.5691609,25.198992040318384
0.5320091,25.59897604095836
0.6313516,25.998960041598334
0.8112779,26.39894404223831
0.36420953,26.79892804287828
0.74317324,27.198912043518256
0.5395898,27.59889604415823
0.36795828,27.998880044798206
0.78376913,28.39886404543818
0.26606232,28.798848046078152
0.9159766,29.198832046718127
0.5542868,29.598816047358103
0.8163443,29.998800047998078
0.44382334,30.398784048638053
0.15680724,30.798768049278024
0.22608422,31.198752049918
0.48332864,31.598736050557974
0.714848,31.99872005119795
0.32160258,32.398704051837925
0.24870045,32.7986880524779
0.63046074,33.198672053117875
0.2849261,33.59865605375784
0.9947046,33.99864005439782
0.2198283,34.39862405503779
0.36749622,34.79860805567777
0.15778363,35.19859205631774
0.6152249,35.59857605695772
1.4814237,35.99856005759769
0.3216152,36.39854405823767
0.14366251,36.79852805887764
0.69112337,37.19851205951762
0.065949626,37.598496060157586
0.19135834,37.99848006079756
0.16060056,38.39846406143754
0.31698087,38.79844806207751
0.88671935,39.19843206271749
0.8177958,39.59841606335746
0.2327455,39.99840006399744
0.12343547,40.39838406463741
0.1270283,40.79836806527739
0.69980854,41.19835206591736
1.0740275,41.59833606655733
0.5110411,41.998320067197305
1.2308797,42.39830406783728
0.858018,42.798288068477255
0.28656024,43.19827206911723
0.64767474,43.598256069757205
1.1409885,43.99824007039718
0.6513343,44.398224071037156
1.9461697,44.79820807167713
2.0537145,45.198192072317106
0.8898969,45.598176072957074
1.1734926,45.99816007359705
1.1564258,46.398144074237024
1.4144217,46.798128074877
0.7227824,47.198112075516974
0.4507667,47.59809607615695
1.0554547,47.998080076796924
0.15176174,48.3980640774369
0.5589286,48.798048078076874
0.23298854,49.19803207871685
0.15301242,49.59801607935682
0.47861582,49.99800007999679
0.63283396,50.39798408063677
1.0104214,50.79796808127674
0.8284795,51.19795208191672
0.4525231,51.59793608255669
1.2631676,51.99792008319667
0.46975404,52.39790408383664
0.35555258,52.79788808447662
0.3296384,53.197872085116586
0.49159825,53.59785608575656
0.2033717,53.997840086396536
1.3781104,54.39782408703651
0.5597803,54.797808087676486
0.46090913,55.19779208831646
0.23216343,55.59777608895644
0.37998313,55.99776008959641
0.36435795,56.39774409023639
0.31696516,56.79772809087636
0.16664255,57.19771209151633
0.26154572,57.597696092156305
0.83065414,57.99768009279628
0.72577155,58.397664093436255
1.4975584,58.79764809407623
0.8450322,59.197632094716205
0.87536144,59.59761609535618
0.93730557,59.997600095996155
0.82344383,60.39758409663613
1.7000715,60.797568097276105
1.2562765,61.19755209791607
0.65180707,61.59753609855605
1.0464106,61.997520099196024
0.400506,62.397504099836
0.56585675,62.797488100475974
0.37999249,63.19747210111595
0.32893196,63.597456101755924
0.26485232,63.9974401023959
0.15543966,64.39742410303587
0.1407544,64.79740810367585
0.18398076,65.19739210431582
0.2912063,65.5973761049558
0.40871274,65.99736010559577
0.20047145,66.39734410623575
0.20456466,66.79732810687572
0.3921499,67.19731210751569
0.70968366,67.59729610815566
0.1830578,67.99728010879564
0.39857164,68.39726410943561
1.5132052,68.79724811007559
0.73853374,69.19723211071556
1.3604225,69.59721611135554
0.35839772,69.99720011199551
1.597256,70.39718411263549
0.9154034,70.79716811327546
2.2319956,71.19715211391544
1.8865703,71.59713611455541
0.5573885,71.99712011519539
0.72508985,72.39710411583536
1.1468877,72.79708811647534
1.7667215,73.19707211711531
1.1417388,73.59705611775529
1.1130166,73.99704011839526
0.47896138,74.39702411903524
0.2926213,74.79700811967521
0.44965243,75.19699212031517
0.634973,75.59697612095515
0.30234134,75.99696012159512
0.08980772,76.3969441222351
0.3159871,76.79692812287507
0.34756076,77.19691212351505
0.3317316,77.59689612415502
1.10477,77.996880124795
1.87194,78.39686412543497
0.28216654,78.79684812607495
0.13374841,79.19683212671492
0.50717205,79.5968161273549
0.14666702,79.99680012799487
0.19827576,80.39678412863485
0.6225404,80.79676812927482
0.16281086,81.1967521299148
0.13230471,81.59673613055477
0.113941915,81.99672013119475
0.30915612,82.39670413183472
0.24756747,82.79668813247469
0.10587505,83.19667213311466
0.08824276,83.59665613375464
1.178071,83.99664013439461
1.4363225,84.39662413503459
0.6493053,84.79660813567456
0.21341868,85.19659213631454
0.43313718,85.59657613695451
0.59481376,85.99656013759449
0.34092754,86.39654413823446
0.2698527,86.79652813887444
0.16616194,87.19651213951441
0.42145342,87.59649614015439
0.33350223,87.99648014079436
0.19994208,88.39646414143434
0.3443613,88.79644814207431
0.19643697,89.19643214271429
2.3000717,89.59641614335426
1.8584913,89.99640014399424
1.7569245,90.39638414463421
0.43332615,90.79636814527417
0.22650729,91.19635214591415
0.17137252,91.59633614655412
0.2013055,91.9963201471941
0.6407313,92.39630414783407
1.7740002,92.79628814847405
1.2115089,93.19627214911402
1.1903394,93.596256149754
0.94138545,93.99624015039397
0.55434644,94.39622415103395
1.2905595,94.79620815167392
0.8514804,95.1961921523139
1.2291646,95.59617615295387
0.91714674,95.99616015359385
0.4530079,96.39614415423382
0.47385803,96.7961281548738
0.34614277,97.19611215551377
0.2252586,97.59609615615375
0.23921195,97.99608015679372
0.17764685,98.3960641574337
0.3813081,98.79604815807366
0.86225444,99.19603215871363
0.28795755,99.59601615935361
0.23919705,99.99600015999359
0.14432743,100.39598416063356
0.14389741,100.79596816127354
0.10387236,101.19595216191351
0.07702838,101.59593616255349
0.1707647,101.99592016319346
0.31246972,102.39590416383344
0.29368007,102.79588816447341
2.127488,103.19587216511339
2.0463767,103.59585616575336
1.4245696,103.99584016639334
1.6052692,104.39582416703331
0.55774117,104.79580816767329
0.5192434,105.19579216831326
0.65604985,105.59577616895324
0.8033391,105.99576016959321
0.9532513,106.39574417023317
0.6167284,106.79572817087315
0.4206902,107.19571217151312
1.7624198,107.5956961721531
1.9378504,107.99568017279307
0.3099041,108.39566417343305
0.22594257,108.79564817407302
0.15135583,109.195632174713
1.1173358,109.59561617535297
0.5309197,109.99560017599295
0.14533834,110.39558417663292
0.23122895,110.7955681772729
0.89217883,111.19555217791287
0.9561648,111.59553617855285
0.2029118,111.99552017919282
0.13975689,112.3955041798328
0.13697605,112.79548818047277
0.1312383,113.19547218111275
1.6019605,113.59545618175272
1.016416,113.9954401823927
0.12589274,114.39542418303266
0.75226194,114.79540818367263
1.3309546,115.19539218431261
0.19221833,115.59537618495258
0.16170222,115.99536018559256
0.31658614,116.39534418623253
0.25745016,116.79532818687251
0.18525708,117.19531218751249
0.38247523,117.59529618815246
0.1977757,117.99528018879244
0.3788092,118.39526418943241
1.7368269,118.79524819007239
2.976552,119.19523219071236
0.97112936,119.59521619135234
1.2874469,119.99520019199231
2.6390595,120.39518419263229
2.0307925,120.79516819327226
2.8747196,121.19515219391224
3.0180366,121.59513619455221
1.8054484,121.99512019519219
1.0656562,122.39510419583215
1.2121836,122.79508819647212
1.8712585,123.1950721971121
2.2699225,123.59505619775207
0.90038323,123.99504019839205
0.65346146,124.39502419903202
1.156744,124.795008199672
0.8332688,125.19499220031197
0.8648542,125.59497620095195
0.3007002,125.99496020159192
0.69030696,126.3949442022319
0.26474002,126.79492820287187
1.02353,127.19491220351185
0.76975393,127.59489620415182
0.3397412,127.9948802047918
1.1493284,128.39486420543176
0.44087023,128.79484820607175
0.22989175,129.1948322067117
0.19061576,129.5948162073517
0.17681319,129.99480020799166
0.15421727,130.39478420863165
0.20640056,130.7947682092716
0.19636321,131.1947522099116
0.17885146,131.59473621055156
0.16904125,131.99472021119155
0.14154282,132.3947042118315
0.13220342,132.7946882124715
0.39695516,133.19467221311146
0.5588985,133.59465621375145
0.38564616,133.9946402143914
0.27429947,134.39462421503137
0.28842768,134.79460821567136
0.17095417,135.19459221631132
0.08022937,135.5945762169513
0.21801014,135.99456021759127
0.5592511,136.39454421823126
0.9625935,136.79452821887122
0.49537164,137.1945122195112
0.21660824,137.59449622015117
0.23633228,137.99448022079116
1.034741,138.39446422143112
0.59070647,138.7944482220711
0.83924687,139.19443222271107
0.2786118,139.59441622335106
0.1179131,139.99440022399102
0.077423885,140.394384224631
0.09957322,140.79436822527097
0.4596404,141.19435222591096
0.8377223,141.59433622655092
0.3315438,141.99432022719088
0.5404991,142.39430422783087
0.13726552,142.79428822847083
0.16586809,143.19427222911082
0.89827794,143.59425622975078
0.3194876,143.99424023039077
0.5875486,144.39422423103073
0.97499865,144.79420823167072
0.3054288,145.19419223231068
0.21476413,145.59417623295067
0.26931992,145.99416023359063
0.24435645,146.39414423423062
0.3013845,146.79412823487058
0.74160457,147.19411223551057
0.7133667,147.59409623615053
0.75713664,147.99408023679052
0.8394793,148.39406423743048
0.3650129,148.79404823807047
0.5670642,149.19403223871043
1.7551368,149.59401623935042
0.38588327,149.99400023999038
0.3627165,150.39398424063035
0.59896207,150.79396824127033
0.16427843,151.1939522419103
0.24280784,151.59393624255028
0.3655891,151.99392024319025
0.23929396,152.39390424383024
1.0600635,152.7938882444702
0.88135934,153.19387224511019
0.5180143,153.59385624575015
0.68842804,153.99384024639014
0.10339363,154.3938242470301
0.1418419,154.79380824767009
0.51253086,155.19379224831005
0.016160453,155.59377624895004
1.566684,155.99376024959
0.12778008,156.39374425023
0.15850285,156.79372825086995
0.100867935,157.19371225150994
0.6324336,157.5936962521499
0.26838788,157.99368025278986
0.16134906,158.39366425342985
0.094254196,158.7936482540698
0.2627685,159.1936322547098
0.16205299,159.59361625534976
0.18938522,159.99360025598975
0.38442978,160.3935842566297
0.17137627,160.7935682572697
0.103082694,161.19355225790966
0.278923,161.59353625854965
0.20017278,161.9935202591896
0.69116944,162.3935042598296
2.1638806,162.79348826046956
0.886505,163.19347226110955
0.3409039,163.5934562617495
0.7168251,163.9934402623895
0.5934055,164.39342426302946
0.3036727,164.79340826366945
0.70354074,165.1933922643094
0.14005747,165.59337626494937
0.22863257,165.99336026558936
0.24075069,166.39334426622932
1.0000533,166.7933282668693
0.2267659,167.19331226750927
0.14937922,167.59329626814926
0.16030721,167.99328026878922
0.15259992,168.3932642694292
0.14373209,168.79324827006917
0.23594712,169.19323227070916
0.14492507,169.59321627134912
0.06679201,169.9932002719891
0.09848552,170.39318427262907
0.082328424,170.79316827326906
0.19193499,171.19315227390902
0.18308806,171.593136274549
0.4536925,171.99312027518897
0.3472013,172.39310427582896
0.25635043,172.79308827646892
0.38750687,173.1930722771089
0.18925475,173.59305627774887
0.1984193,173.99304027838883
0.31731611,174.39302427902882
0.20795329,174.79300827966878
0.14999832,175.19299228030877
0.1109428,175.59297628094873
0.09789308,175.99296028158872
0.09837396,176.39294428222868
0.17714745,176.79292828286867
0.35853723,177.19291228350863
0.29956037,177.59289628414862
0.19399866,177.99288028478858
0.10983512,178.39286428542857
0.051587846,178.79284828606853
0.33318815,179.19283228670852
0.44450358,179.59281628734848
0.46596584,179.99280028798847
0.23474151,180.39278428862843
0.21500774,180.79276828926842
0.16684565,181.19275228990838
0.18444452,181.59273629054834
0.22930303,181.99272029118833
0.15109225,182.3927042918283
0.08196807,182.79268829246828
0.19629805,183.19267229310825
0.3728501,183.59265629374823
0.658739,183.9926402943882
0.23016617,184.39262429502818
2.414897,184.79260829566815
0.9259701,185.19259229630813
1.1584263,185.5925762969481
0.39255282,185.99256029758808
1.0930563,186.39254429822805
0.6019273,186.79252829886804
0.87887996,187.192512299508
0.393063,187.59249630014799
0.26409775,187.99248030078795
0.2802638,188.39246430142794
0.16393648,188.7924483020679
0.12839618,189.19243230270786
0.27429277,189.59241630334785
0.14537819,189.9924003039878
0.39333367,190.3923843046278
0.59029925,190.79236830526776
0.85582405,191.19235230590775
0.33537707,191.5923363065477
0.16356608,191.9923203071877
0.15357725,192.39230430782766
0.1337963,192.79228830846765
0.09676856,193.1922723091076
1.5310518,193.5922563097476
0.7783061,193.99224031038756
0.17438576,194.39222431102755
0.6521436,194.7922083116675
0.48273215,195.1921923123075
0.48910356,195.59217631294746
0.6409761,195.99216031358745
0.7608559,196.3921443142274
2.2905383,196.7921283148674
0.7362759,197.19211231550736
1.0030006,197.59209631614732
0.4763501,197.9920803167873
0.17742768,198.39206431742727
0.3673489,198.79204831806726
0.05777242,199.19203231870722
0.06246411,199.5920163193472
0.030140826,199.99200031998717
0.032779086,200.39198432062716
0.13671856,200.79196832126712
0.08863657,201.1919523219071
0.15531108,201.59193632254707
0.16795799,201.99192032318706
0.09736646,202.39190432382702
0.057294168,202.791888324467
0.09798161,203.19187232510697
0.74939674,203.59185632574696
1.839678,203.99184032638692
1.4799414,204.3918243270269
0.5297304,204.79180832766687
0.3794762,205.19179232830683
0.21806867,205.59177632894682
0.18359338,205.99176032958678
2.1294737,206.39174433022677
1.4632852,206.79172833086673
0.39734927,207.19171233150672
0.73994493,207.59169633214668
1.8329686,207.99168033278667
0.9798927,208.39166433342663
1.4609208,208.79164833406662
1.5695477,209.19163233470658
0.85901654,209.59161633534657
0.81249076,209.99160033598653
0.7226749,210.39158433662652
0.13935243,210.79156833726648
0.78854614,211.19155233790647
0.53336686,211.59153633854643
0.3436925,211.99152033918642
0.22089928,212.39150433982638
0.3415941,212.79148834046634
0.31493613,213.19147234110633
0.15947907,213.5914563417463
0.3195497,213.99144034238628
0.42582598,214.39142434302624
0.94530964,214.79140834366623
1.4362953,215.1913923443062
0.76206964,215.59137634494618
0.70556134,215.99136034558614
1.6484182,216.39134434622613
2.194251,216.7913283468661
4.246512,217.19131234750608
4.2660837,217.59129634814605
1.0197446,217.99128034878603
1.0983757,218.391264349426
1.2853267,218.79124835006598
0.24637817,219.19123235070595
0.7563069,219.59121635134593
0.57016575,219.9912003519859
0.29158977,220.39118435262588
0.09447743,220.79116835326585
0.1789131,221.1911523539058
0.48751903,221.5911363545458
0.34996152,221.99112035518576
0.5573732,222.39110435582575
0.57659847,222.7910883564657
0.29564616,223.1910723571057
0.22090201,223.59105635774566
0.21073948,223.99104035838565
1.4908139,224.3910243590256
0.22259401,224.7910083596656
0.8179769,225.19099236030556
1.4965631,225.59097636094555
0.7066139,225.9909603615855
0.5507739,226.3909443622255
0.58219457,226.79092836286546
0.29098144,227.19091236350545
0.29759115,227.5908963641454
0.2899003,227.9908803647854
0.29778272,228.39086436542536
0.5300166,228.79084836606532
0.25215608,229.1908323667053
0.2765966,229.59081636734527
0.25512704,229.99080036798526
0.41362044,230.39078436862522
0.06999333,230.7907683692652
0.15674102,231.19075236990517
0.1198301,231.59073637054516
0.20788968,231.99072037118512
0.09060659,232.3907043718251
0.12569648,232.79068837246507
0.081005454,233.19067237310506
0.18139616,233.59065637374502
0.48976678,233.990640374385
0.1079993,234.39062437502497
0.19083723,234.79060837566496
0.16253823,235.19059237630492
0.08647307,235.5905763769449
0.4093468,235.99056037758487
0.9652144,236.39054437822483
0.9810314,236.79052837886482
1.4351752,237.19051237950478
1.0062916,237.59049638014477
0.8600602,237.99048038078473
0.35004777,238.39046438142472
1.5457695,238.79044838206468
0.5513333,239.19043238270467
0.3423931,239.59041638334463
0.28113624,239.99040038398462
0.39627817,240.39038438462458
0.26048124,240.79036838526457
0.17545821,241.19035238590453
0.8033492,241.59033638654452
0.1725224,241.99032038718448
0.101142876,242.39030438782447
0.26025707,242.79028838846443
0.34300455,243.19027238910442
0.12573276,243.59025638974438
0.21087648,243.99024039038437
0.11390353,244.39022439102433
0.12478718,244.7902083916643
0.1297087,245.19019239230428
0.25066015,245.59017639294424
0.71250486,245.99016039358423
0.75293267,246.3901443942242
0.2792343,246.79012839486418
0.35440108,247.19011239550414
1.0972778,247.59009639614413
0.14768265,247.9900803967841
0.5255515,248.39006439742408
0.3242958,248.79004839806404
1.0955158,249.19003239870403
1.4318116,249.590016399344
1.6234308,249.99000039998398
0.7967752,250.38998440062394
1.1604389,250.78996840126393
0.89774096,251.1899524019039
1.481268,251.58993640254388
1.4736499,251.98992040318385
1.3861423,252.3899044038238
0.3204528,252.7898884044638
0.5139792,253.18987240510376
1.445805,253.58985640574375
0.6045567,253.9898404063837
0.27204558,254.3898244070237
0.23758726,254.78980840766366
0.29887608,255.18979240830365
0.3842032,255.5897764089436
0.3284851,255.9897604095836
0.6943749,256.38974441022356
0.36067453,256.7897284108635
0.8554893,257.18971241150354
0.1580786,257.5896964121435
0.20286557,257.98968041278346
0.14203413,258.3896644134234
0.15157785,258.78964841406344
0.12266157,259.1896324147034
0.09975189,259.58961641534336
1.3433185,259.9896004159833
0.7138573,260.3895844166233
0.18686333,260.7895684172633
0.12764582,261.18955241790326
0.53624815,261.5895364185432
1.0926437,261.9895204191832
1.1951313,262.3895044198232
0.40393266,262.78948842046316
0.40902907,263.1894724211031
0.48536974,263.5894564217431
0.17029016,263.9894404223831
0.12537831,264.38942442302306
0.16163523,264.789408423663
0.11724093,265.189392424303
0.056753654,265.589376424943
0.34503934,265.98936042558296
0.8866724,266.3893444262229
0.23140523,266.7893284268629
0.51161486,267.1893124275029
0.39685738,267.58929642814286
0.399865,267.9892804287828
0.26180366,268.3892644294228
0.20232424,268.78924843006274
0.16224559,269.18923243070276
0.13369608,269.5892164313427
0.07644326,269.9892004319827
0.14549537,270.38918443262264
1.0555397,270.78916843326266
0.18117848,271.1891524339026
0.49989253,271.5891364345426
0.38159642,271.98912043518254
0.18317759,272.38910443582256
0.5672258,272.7890884364625
1.4655662,273.1890724371025
0.32811844,273.58905643774244
1.4317533,273.98904043838246
0.6508468,274.3890244390224
0.7563998,274.7890084396624
0.3004219,275.18899244030234
0.22066456,275.58897644094236
0.2841321,275.9889604415823
0.22363414,276.3889444422223
1.1756948,276.78892844286224
0.4037045,277.1889124435022
0.48229408,277.5888964441422
0.44167465,277.9888804447822
0.8752962,278.38886444542214
0.6602742,278.7888484460621
0.19754241,279.1888324467021
0.48900384,279.5888164473421
0.6104005,279.98880044798204
0.99374247,280.388784448622
1.5516564,280.788768449262
0.7872945,281.188752449902
0.11039636,281.58873645054194
0.7342267,281.9887204511819
0.10958692,282.3887044518219
0.07844553,282.7886884524619
0.7710408,283.18867245310184
0.2825132,283.5886564537418
0.28011897,283.98864045438177
0.2134846,284.3886244550218
0.37058064,284.78860845566174
0.15655637,285.1885924563017
0.36183432,285.58857645694167
0.12660456,285.9885604575817
0.19213532,286.38854445822165
0.13813098,286.7885284588616
0.09573556,287.18851245950157
0.16340968,287.5884964601416
0.1682083,287.98848046078155
0.3118887,288.3884644614215
0.103259966,288.78844846206147
0.107347965,289.1884324627015
0.08523032,289.58841646334145
0.9390007,289.9884004639814
0.2844614,290.38838446462137
0.29159278,290.7883684652614
0.19279836,291.18835246590135
0.3694467,291.5883364665413
0.15376799,291.98832046718127
0.5346562,292.38830446782123
0.9952069,292.78828846846125
2.8530314,293.1882724691012
1.6347992,293.58825646974117
1.0578284,293.98824047038113
1.5736978,294.38822447102115
1.3792714,294.7882084716611
0.43593657,295.18819247230107
1.2822623,295.58817647294103
1.3194371,295.98816047358105
0.63820475,296.388144474221
0.22848992,296.78812847486097
0.9635774,297.18811247550093
1.8961976,297.58809647614095
1.2430766,297.9880804767809
2.4566672,298.38806447742087
1.768615,298.78804847806083
0.95294195,299.18803247870085
1.810225,299.5880164793408
1.7709136,299.98800047998077
0.7327237,300.38798448062073
0.56878626,300.7879684812607
0.3631057,301.1879524819007
0.9249341,301.58793648254067
0.43651858,301.98792048318063
0.8575776,302.3879044838206
0.31068268,302.7878884844606
0.4320143,303.18787248510057
0.3907636,303.58785648574053
0.9676322,303.9878404863805
0.7407792,304.3878244870205
0.17071241,304.78780848766047
0.6401336,305.18779248830043
0.43970957,305.5877764889404
0.26181358,305.9877604895804
0.2219619,306.38774449022037
0.22369759,306.78772849086033
0.24114604,307.1877124915003
0.12574308,307.58769649214025
0.43078694,307.98768049278027
0.8989267,308.38766449342023
1.2370385,308.7876484940602
0.29979542,309.18763249470015
1.0673215,309.58761649534017
0.49053514,309.98760049598013
0.24941254,310.3875844966201
0.10615202,310.78756849726005
0.22860545,311.18755249790007
1.642163,311.58753649854003
2.0281832,311.98752049918
1.2503496,312.38750449981995
1.0590749,312.78748850046
0.8245582,313.18747250109993
1.3280268,313.5874565017399
1.8258336,313.98744050237985
0.45811304,314.3874245030199
0.37634778,314.78740850365983
0.8295642,315.1873925042998
0.16442628,315.58737650493975
0.23349802,315.9873605055797
0.30415216,316.38734450621973
0.1782316,316.7873285068597
0.36032006,317.18731250749966
0.31307375,317.5872965081396
1.1997186,317.98728050877963
0.2651066,318.3872645094196
1.3396559,318.78724851005956
0.2625494,319.1872325106995
0.3502829,319.58721651133953
0.13576292,319.9872005119795
0.24427664,320.38718451261946
0.23423336,320.7871685132594
0.32990667,321.18715251389943
0.15941499,321.5871365145394
0.1470664,321.98712051517936
0.07456673,322.3871045158193
0.08377465,322.78708851645933
0.09450527,323.1870725170993
0.07192068,323.58705651773926
0.096178845,323.9870405183792
0.07934141,324.3870245190192
0.10045737,324.7870085196592
0.08878573,325.18699252029916
0.055562474,325.5869765209391
0.07033365,325.9869605215791
0.3073657,326.3869445222191
0.17946884,326.78692852285906
0.037785605,327.186912523499
0.30165416,327.586896524139
1.0595707,327.986880524779
0.58758795,328.38686452541896
0.76536864,328.7868485260589
0.5951077,329.1868325266989
1.0502081,329.5868165273389
0.73548955,329.98680052797886
0.36771658,330.3867845286188
0.29000387,330.7867685292588
0.222225,331.18675252989874
0.24008745,331.58673653053876
0.11876333,331.9867205311787
0.08309557,332.3867045318187
0.058678422,332.78668853245864
0.114067584,333.18667253309866
0.6013682,333.5866565337386
0.42701605,333.9866405343786
0.4682187,334.38662453501854
0.21284178,334.78660853565856
0.13949054,335.1865925362985
0.23212129,335.5865765369385
0.18856569,335.98656053757844
0.18056865,336.38654453821846
0.08755634,336.7865285388584
0.09514614,337.1865125394984
0.09445881,337.58649654013834
0.3018739,337.98648054077836
0.41544056,338.3864645414183
1.6442251,338.7864485420583
3.1094873,339.18643254269824
2.6687527,339.5864165433382
0.5832387,339.9864005439782
1.3853973,340.3863845446182
0.21625696,340.78636854525814
0.72493905,341.1863525458981
0.32080737,341.5863365465381
0.12093523,341.9863205471781
0.23048227,342.38630454781804
0.20795478,342.786288548458
0.3417272,343.186272549098
1.6114554,343.586256549738
2.1322706,343.98624055037794
0.81639695,344.3862245510179
0.2112111,344.7862085516579
0.6638828,345.1861925522979
0.6236575,345.58617655293784
1.496079,345.9861605535778
0.3273876,346.3861445542178
1.2954645,346.7861285548578
0.42100978,347.18611255549774
0.6908568,347.5860965561377
0.147742,347.98608055677767
1.6617008,348.3860645574177
1.3715112,348.78604855805764
0.98206854,349.1860325586976
1.8697428,349.58601655933757
1.8236568,349.9860005599776
1.133768,350.38598456061754
0.99867064,350.7859685612575
0.5358659,351.18595256189747
0.28604788,351.5859365625375
0.24497154,351.98592056317744
0.14380458,352.3859045638174
0.0873966,352.78588856445737
0.16082393,353.1858725650974
0.1072054,353.58585656573734
0.08596987,353.9858405663773
1.1055464,354.38582456701727
0.12523589,354.7858085676572
0.9521885,355.18579256829724
0.10368738,355.5857765689372
0.100963086,355.98576056957717
0.066307425,356.3857445702171
0.09567091,356.78572857085715
0.10222133,357.1857125714971
0.15143903,357.58569657213707
0.13731697,357.985680572777
0.7665233,358.38566457341705
0.14652069,358.785648574057
0.24391647,359.18563257469697
0.22784153,359.5856165753369
0.14815457,359.98560057597695
0.09614653,360.3855845766169
0.44523212,360.78556857725687
0.55456275,361.18555257789683
0.169225,361.58553657853685
0.09049298,361.9855205791768
0.10509645,362.38550457981677
0.074996,362.78548858045673
0.11786227,363.1854725810967
0.1625062,363.5854565817367
1.0613343,363.98544058237667
0.83000714,364.38542458301663
0.9418233,364.7854085836566
2.9215155,365.1853925842966
1.2580222,365.58537658493657
2.1992717,365.98536058557653
2.9542112,366.3853445862165
0.42606217,366.7853285868565
0.4668998,367.18531258749647
0.29754677,367.58529658813643
0.41646132,367.9852805887764
0.41708934,368.3852645894164
0.3348989,368.78524859005637
0.103118286,369.18523259069633
0.26562887,369.5852165913363
0.085693434,369.9852005919763
0.13981122,370.38518459261627
0.25781208,370.78516859325623
0.13758726,371.1851525938962
0.36295494,371.58513659453615
0.12924482,371.98512059517617
0.3179354,372.38510459581613
0.08568733,372.7850885964561
0.40223286,373.18507259709605
0.25190684,373.58505659773607
0.21260148,373.98504059837603
0.090559885,374.385024599016
0.22100607,374.78500859965595
0.09265497,375.18499260029597
0.10133191,375.58497660093593
0.26949114,375.9849606015759
0.34353963,376.38494460221585
0.30388895,376.78492860285587
0.15225217,377.18491260349583
0.096168086,377.5848966041358
0.20639472,377.98488060477575
0.09852538,378.3848646054157
1.6957042,378.78484860605573
1.0365485,379.1848326066957
0.401301,379.58481660733565
0.2737695,379.9848006079756
0.2244771,380.38478460861563
0.1030156,380.7847686092556
0.23321246,381.18475260989555
0.56883544,381.5847366105355
3.443348,381.98472061117553
2.579058,382.3847046118155
1.0120432,382.78468861245545
0.6919572,383.1846726130954
0.57286996,383.58465661373543
0.47187334,383.9846406143754
1.6202583,384.38462461501535
1.302364,384.7846086156553
1.0633783,385.18459261629533
1.9098351,385.5845766169353
0.5322681,385.98456061757526
0.4649572,386.3845446182152
0.66069734,386.7845286188552
1.5483544,387.1845126194952
1.411001,387.58449662013516
0.92049795,387.9844806207751
0.74367106,388.3844646214151
1.2318457,388.7844486220551
0.4696607,389.18443262269506
0.99420035,389.584416623335
1.1318357,389.984400623975
0.5528716,390.384384624615
0.28287262,390.78436862525496
0.821411,391.1843526258949
0.89623797,391.5843366265349
0.70880127,391.9843206271749
0.24312432,392.38430462781486
0.16253936,392.7842886284548
0.17823645,393.1842726290948
0.18735714,393.5842566297348
0.26005563,393.98424063037476
0.22100222,394.3842246310147
0.2316768,394.7842086316547
0.048280306,395.18419263229464
0.024636455,395.58417663293466
0.6497977,395.9841606335746
1.2677128,396.3841446342146
0.5455309,396.78412863485454
0.307929,397.18411263549456
0.25494164,397.5840966361345
0.7283888,397.9840806367745
0.9303903,398.38406463741444
0.61426425,398.78404863805446
0.25223204,399.1840326386944
0.463563,399.5840166393344
2.1400583,399.98400063997434
1.1720431,400.38398464061436
0.5504685,400.7839686412543
1.9579898,401.1839526418943
0.8858792,401.58393664253424
1.0502954,401.9839206431742
0.16558824,402.3839046438142
0.58580357,402.7838886444542
0.26946282,403.18387264509414
0.37652472,403.5838566457341
0.36632496,403.9838406463741
0.075213335,404.3838246470141
0.17257619,404.78380864765404
0.081574,405.183792648294
0.1264249,405.583776648934
0.050696865,405.983760649574
0.06637305,406.38374465021394
0.23222917,406.7837286508539
0.05623349,407.1837126514939
0.088225566,407.5836966521339
0.070140764,407.98368065277384
0.4756258,408.3836646534138
0.13156462,408.7836486540538
0.09564649,409.1836326546938
0.04871599,409.58361665533374
1.6965984,409.9836006559737
0.96327096,410.38358465661366
0.44367844,410.7835686572537
0.4158959,411.18355265789364
0.9499807,411.5835366585336
0.8450474,411.98352065917356
1.5281434,412.3835046598136
0.8238865,412.78348866045354
0.5011363,413.1834726610935
0.842516,413.58345666173346
0.4372297,413.9834406623735
0.8952371,414.38342466301344
0.7058794,414.7834086636534
0.721161,415.18339266429336
0.23745617,415.5833766649334
0.19063354,415.98336066557334
0.13757448,416.3833446662133
0.10539856,416.78332866685327
0.14186676,417.1833126674933
0.19665672,417.58329666813324
0.0976132,417.9832806687732
1.0784134,418.38326466941317
0.39445093,418.7832486700531
0.35636297,419.18323267069314
0.16972905,419.5832166713331
0.18314868,419.98320067197307
0.19249958,420.383184672613
0.26361,420.78316867325304
0.5513305,421.183152673893
0.38695407,421.58313667453297
0.2132148,421.9831206751729
0.36380032,422.38310467581294
0.10683861,422.7830886764529
0.08814142,423.18307267709287
0.20933113,423.5830566777328
0.18333091,423.98304067837284
0.18968427,424.3830246790128
1.2771552,424.78300867965277
0.41778556,425.1829926802927
2.0340726,425.5829766809327
1.6567403,425.9829606815727
1.2892702,426.38294468221267
0.57343316,426.7829286828526
2.0875978,427.1829126834926
0.35996807,427.5828966841326
0.79691136,427.98288068477257
0.54343027,428.3828646854125
0.8396824,428.7828486860525
0.2327246,429.1828326866925
0.40834725,429.58281668733247
1.2004688,429.98280068797243
0.21507397,430.3827846886124
0.23566265,430.7827686892524
0.24376154,431.18275268989237
0.11967906,431.58273669053233
0.07453084,431.9827206911723
0.065288715,432.3827046918123
0.2390769,432.78268869245227
0.13327622,433.18267269309223
0.13370685,433.5826566937322
0.057723362,433.98264069437215
0.13359739,434.38262469501217
0.08921855,434.78260869565213
0.08576885,435.1825926962921
0.57884127,435.58257669693205
0.49002424,435.98256069757207
0.24347074,436.38254469821203
0.7472223,436.782528698852
0.26167905,437.18251269949195
0.40366024,437.58249670013197
0.30797842,437.98248070077193
0.20249525,438.3824647014119
1.2592386,438.78244870205185
1.8432426,439.18243270269187
1.4409672,439.58241670333183
1.9920143,439.9824007039718
1.58481,440.38238470461175
0.6382387,440.78236870525177
2.746792,441.18235270589173
0.893949,441.5823367065317
0.6531901,441.98232070717165
0.8102782,442.3823047078116
1.2248416,442.78228870845163
2.0317562,443.1822727090916
0.7580621,443.58225670973155
0.9258233,443.9822407103715
1.3318669,444.38222471101153
2.2817993,444.7822087116515
0.75677055,445.18219271229145
0.6370317,445.5821767129314
0.7979354,445.98216071357143
0.27075142,446.3821447142114
0.28391874,446.78212871485135
0.7940635,447.1821127154913
0.26245794,447.58209671613133
0.6486316,447.9820807167713
3.558189,448.38206471741125
0.41638315,448.7820487180512
0.29132575,449.1820327186912
0.5100994,449.5820167193312
0.32121775,449.98200071997115
0.24918881,450.3819847206111
0.255406,450.7819687212511
0.18448234,451.1819527218911
0.08869905,451.58193672253105
0.09127775,451.981920723171
0.22219126,452.381904723811
0.14379908,452.781888724451
0.09566731,453.18187272509095
0.12396816,453.5818567257309
0.16119261,453.9818407263709
0.063840754,454.3818247270109
0.09728462,454.78180872765085
0.085121594,455.1817927282908
0.11416099,455.5817767289308
0.07405412,455.9817607295708
0.10679166,456.38174473021076
0.59976286,456.7817287308507
1.2638057,457.1817127314907
0.97501236,457.58169673213064
0.39610803,457.98168073277066
0.83070946,458.3816647334106
0.8454045,458.7816487340506
1.0569675,459.18163273469054
1.278652,459.58161673533056
0.43221238,459.9816007359705
0.68452436,460.3815847366105
1.0790458,460.78156873725044
1.5301768,461.18155273789046
2.1544335,461.5815367385304
0.5597308,461.9815207391704
0.50215375,462.38150473981034
0.24223036,462.78148874045036
0.23982312,463.1814727410903
1.2655716,463.5814567417303
2.033954,463.98144074237024
1.3334095,464.38142474301026
0.372124,464.7814087436502
0.30413443,465.1813927442902
1.1516647,465.58137674493014
1.0198077,465.9813607455701
0.29194313,466.3813447462101
0.5194251,466.7813287468501
1.6020967,467.18131274749004
1.284993,467.58129674813
1.6623458,467.98128074877
1.0997652,468.38126474941
0.9943494,468.78124875004994
0.38958946,469.1812327506899
0.8167715,469.5812167513299
0.61830866,469.9812007519699
0.21446729,470.38118475260984
1.0676328,470.7811687532498
1.290371,471.1811527538898
2.1697297,471.5811367545298
0.47717312,471.98112075516974
1.6493895,472.3811047558097
1.2302138,472.78108875644966
0.7364729,473.1810727570897
0.30302447,473.58105675772964
0.33690596,473.9810407583696
0.32772365,474.38102475900956
0.39734063,474.7810087596496
0.19369303,475.18099276028954
0.25815776,475.5809767609295
0.2065991,475.98096076156946
0.16437423,476.3809447622095
0.14463657,476.78092876284944
0.044060033,477.1809127634894
0.2769173,477.58089676412936
0.32364237,477.9808807647694
0.10207246,478.38086476540934
0.19174302,478.7808487660493
0.40043148,479.18083276668926
0.15659249,479.5808167673293
0.17657642,479.98080076796924
0.84862053,480.3807847686092
0.8184147,480.78076876924916
2.3220444,481.1807527698891
0.8279603,481.58073677052914
0.8224817,481.9807207711691
2.784233,482.38070477180906
1.2056898,482.780688772449
3.5704792,483.18067277308904
3.285145,483.580656773729
1.9809357,483.98064077436896
2.2248244,484.3806247750089
1.3665565,484.78060877564894
1.9448141,485.1805927762889
1.7052727,485.58057677692887
1.5583411,485.9805607775688
0.69282144,486.38054477820884
0.713339,486.7805287788488
0.32432678,487.18051277948877
0.33345082,487.5804967801287
0.65082574,487.98048078076874
0.2467176,488.3804647814087
0.58567625,488.78044878204867
0.92800945,489.1804327826886
0.6024243,489.5804167833286
1.1601573,489.9804007839686
3.0703106,490.38038478460857
1.1741382,490.7803687852485
2.36789,491.1803527858885
2.1230116,491.5803367865285
2.359665,491.98032078716847
1.7163159,492.3803047878084
2.8742454,492.7802887884484
2.9720235,493.1802727890884
1.4651163,493.58025678972837
1.135175,493.9802407903683
1.9140273,494.3802247910083
0.2566385,494.7802087916483
0.3241449,495.18019279228827
0.5456038,495.5801767929282
0.4305192,495.9801607935682
1.217885,496.38014479420815
0.7234699,496.78012879484817
0.5196921,497.1801127954881
0.52051294,497.5800967961281
1.0265996,497.98008079676805
2.2904558,498.38006479740807
0.70987755,498.780048798048
1.410492,499.180032798688
0.59055614,499.58001679932795
1.5806233,499.98000079996797
0.6381151,500.37998480060793
1.4589684,500.7799688012479
1.0014642,501.17995280188785
0.40819186,501.57993680252787
1.0950272,501.97992080316783
0.5655113,502.3799048038078
0.6260914,502.77988880444775
0.60451245,503.17987280508777
0.5322051,503.57985680572773
0.37713963,503.9798408063677
0.3250838,504.37982480700765
0.85244644,504.7798088076476
0.4415748,505.17979280828763
0.48744294,505.5797768089276
0.84834015,505.97976080956755
0.6903827,506.3797448102075
0.17845047,506.77972881084753
0.26699582,507.1797128114875
0.34496874,507.57969681212745
2.065017,507.9796808127674
1.4323512,508.37966481340743
1.7353987,508.7796488140474
1.1756344,509.17963281468735
1.2632008,509.5796168153273
1.6241219,509.97960081596733
1.5659131,510.3795848166073
1.2301948,510.77956881724725
1.1847855,511.1795528178872
2.932115,511.57953681852723
0.96287197,511.9795208191672
1.731971,512.3795048198072
1.059853,512.7794888204471
1.4294435,513.1794728210871
0.82401633,513.579456821727
0.13654268,513.979440822367
0.4311672,514.3794248230071
0.5869429,514.779408823647
0.585009,515.179392824287
0.8563037,515.579376824927
0.48897868,515.9793608255669
0.30319753,516.3793448262069
0.48245987,516.7793288268468
0.6199255,517.1793128274868
1.9874208,517.5792968281269
0.81105405,517.9792808287668
0.42958546,518.3792648294068
0.8928094,518.7792488300468
0.843507,519.1792328306867
0.5789035,519.5792168313267
0.5969441,519.9792008319666
0.81313854,520.3791848326066
1.9531085,520.7791688332466
1.3934609,521.1791528338866
0.7337247,521.5791368345266
0.18571258,521.9791208351666
0.2974077,522.3791048358065
0.22708607,522.7790888364465
0.1753017,523.1790728370864
0.18217908,523.5790568377264
0.15532042,523.9790408383664
0.4092547,524.3790248390064
0.46163237,524.7790088396464
0.5637843,525.1789928402864
0.3066345,525.5789768409263
0.1607597,525.9789608415663
0.29225144,526.3789448422062
0.4634239,526.7789288428462
0.68199,527.1789128434862
0.52903044,527.5788968441262
0.53272235,527.9788808447662
0.37399215,528.3788648454062
0.24401055,528.7788488460461
0.1895951,529.1788328466861
0.26887906,529.578816847326
0.70453,529.978800847966
1.0647866,530.378784848606
0.4660987,530.7787688492459
0.9150333,531.178752849886
0.47787887,531.578736850526
0.36767045,531.9787208511659
0.2834508,532.3787048518059
0.41102856,532.7786888524458
0.56421655,533.1786728530858
0.82541376,533.5786568537258
0.20706077,533.9786408543657
0.13801886,534.3786248550058
0.37988326,534.7786088556458
0.24835715,535.1785928562857
0.33518443,535.5785768569257
0.739717,535.9785608575656
0.22217326,536.3785448582056
0.32715797,536.7785288588456
0.19895895,537.1785128594855
0.25898045,537.5784968601255
0.27277642,537.9784808607656
0.3349203,538.3784648614055
0.8748011,538.7784488620455
0.47016123,539.1784328626854
0.39648774,539.5784168633254
0.6010542,539.9784008639654
0.80708903,540.3783848646053
0.40700382,540.7783688652453
0.73197734,541.1783528658854
0.3489948,541.5783368665253
0.22372063,541.9783208671653
0.2046751,542.3783048678052
0.27659118,542.7782888684452
0.32213634,543.1782728690852
0.095623136,543.5782568697251
0.65736914,543.9782408703651
1.412569,544.378224871005
0.8651075,544.7782088716451
0.28911346,545.1781928722851
0.53267634,545.578176872925
0.20076548,545.978160873565
0.28211644,546.378144874205
1.4797579,546.7781288748449
1.6160653,547.1781128754849
1.9555514,547.5780968761248
3.921648,547.9780808767649
3.0071685,548.3780648774049
0.8014113,548.7780488780448
0.49519423,549.1780328786848
0.5478025,549.5780168793248
0.12891638,549.9780008799647
0.9896265,550.3779848806047
1.2439315,550.7779688812446
0.36091313,551.1779528818847
0.20989348,551.5779368825247
0.29678416,551.9779208831646
1.3913091,552.3779048838046
1.4105309,552.7778888844446
1.1226709,553.1778728850845
1.5497689,553.5778568857245
2.9876025,553.9778408863644
2.3450725,554.3778248870044
2.2784307,554.7778088876445
2.6344814,555.1777928882844
1.0514756,555.5777768889244
1.2210191,555.9777608895644
0.81486446,556.3777448902043
0.9124513,556.7777288908443
1.5700773,557.1777128914842
0.5040856,557.5776968921242
0.5259672,557.9776808927643
0.60483533,558.3776648934042
0.9696257,558.7776488940442
1.0697155,559.1776328946842
0.58354634,559.5776168953241
0.5434994,559.9776008959641
0.3189562,560.377584896604
0.17415102,560.777568897244
0.46223104,561.177552897884
0.32942817,561.577536898524
0.7667314,561.977520899164
0.6429744,562.377504899804
0.13879113,562.7774889004439
0.3913147,563.1774729010839
0.49457532,563.5774569017238
0.29632062,563.9774409023638
0.14879894,564.3774249030038
0.19066435,564.7774089036438
0.13197623,565.1773929042838
0.15460324,565.5773769049238
0.14529864,565.9773609055637
0.29326168,566.3773449062037
0.15067846,566.7773289068436
0.10651975,567.1773129074836
0.07354994,567.5772969081236
0.15198915,567.9772809087635
0.14874917,568.3772649094036
0.15589952,568.7772489100436
0.5738453,569.1772329106835
0.74600077,569.5772169113235
0.30384997,569.9772009119635
0.4642993,570.3771849126034
0.363855,570.7771689132434
0.32211214,571.1771529138833
0.7603701,571.5771369145234
0.66800207,571.9771209151634
0.2562946,572.3771049158033
0.17243938,572.7770889164433
0.31646928,573.1770729170833
0.28835526,573.5770569177232
0.44284442,573.9770409183632
0.25089592,574.3770249190031
0.27238172,574.7770089196432
0.09798857,575.1769929202832
0.07783954,575.5769769209231
0.13096796,575.9769609215631
0.31274736,576.376944922203
1.6155881,576.776928922843
1.2883567,577.176912923483
1.9521217,577.5768969241229
1.6586531,577.9768809247629
1.6441128,578.376864925403
1.1924042,578.7768489260429
1.0497973,579.1768329266829
0.33526236,579.5768169273229
1.5259632,579.9768009279628
0.37177783,580.3767849286028
0.71608853,580.7767689292427
0.35421067,581.1767529298827
0.34918943,581.5767369305228
0.30529684,581.9767209311627
0.5385321,582.3767049318027
0.41866732,582.7766889324427
0.5113105,583.1766729330826
0.9969378,583.5766569337226
0.8040564,583.9766409343625
0.30861178,584.3766249350025
0.50562936,584.7766089356425
0.28720677,585.1765929362825
0.08225638,585.5765769369225
0.14000335,585.9765609375625
1.6649498,586.3765449382024
1.220992,586.7765289388424
1.2649497,587.1765129394823
0.8277281,587.5764969401223
1.4079804,587.9764809407623
0.86412644,588.3764649414023
1.54637,588.7764489420423
1.2574897,589.1764329426823
1.205438,589.5764169433222
0.5292655,589.9764009439622
1.211797,590.3763849446021
0.5631287,590.7763689452421
0.6795222,591.1763529458821
0.48154873,591.576336946522
0.9714163,591.9763209471621
0.65366656,592.376304947802
1.063123,592.776288948442
0.81779397,593.176272949082
0.362543,593.5762569497219
0.908127,593.9762409503619
0.9242046,594.3762249510019
0.37211692,594.7762089516418
0.3158053,595.1761929522819
0.34859714,595.5761769529219
1.6375859,595.9761609535618
0.7595253,596.3761449542018
0.6414867,596.7761289548417
1.5047232,597.1761129554817
0.47901604,597.5760969561217
1.3802875,597.9760809567616
2.5594687,598.3760649574017
1.0403725,598.7760489580417
1.7381235,599.1760329586816
1.8143172,599.5760169593216
1.7559016,599.9760009599615
0.52032787,600.3759849606015
0.41244394,600.7759689612415
0.46385866,601.1759529618814
0.55636245,601.5759369625214
0.3430985,601.9759209631615
0.24513844,602.3759049638014
0.20316894,602.7758889644414
0.115709476,603.1758729650813
0.108695984,603.5758569657213
0.15340388,603.9758409663613
0.14251742,604.3758249670012
0.889635,604.7758089676412
1.5377141,605.1757929682813
2.1248662,605.5757769689212
1.2740431,605.9757609695612
2.6445546,606.3757449702011
3.089155,606.7757289708411
1.9639167,607.1757129714811
0.387822,607.575696972121
2.0328963,607.975680972761
3.2303479,608.375664973401
2.0806227,608.775648974041
0.6739277,609.175632974681
1.3349338,609.5756169753209
1.116046,609.9756009759609
0.95249337,610.3755849766009
0.33696565,610.7755689772408
0.4259952,611.1755529778808
0.24472192,611.5755369785207
0.29908141,611.9755209791608
1.3353906,612.3755049798008
1.3901594,612.7754889804407
1.3563474,613.1754729810807
0.32968262,613.5754569817207
0.26113522,613.9754409823606
0.15385512,614.3754249830006
0.103321485,614.7754089836405
0.25520605,615.1753929842805
0.8057171,615.5753769849206
1.0407578,615.9753609855605
0.19916686,616.3753449862005
0.12199342,616.7753289868405
0.07388022,617.1753129874804
0.0902112,617.5752969881204
0.10610687,617.9752809887603
0.07422311,618.3752649894003
0.08500744,618.7752489900404
0.11120534,619.1752329906803
0.08073655,619.5752169913203
0.09090748,619.9752009919603
0.21679664,620.3751849926002
0.0996036,620.7751689932402
0.083420426,621.1751529938801
0.120832324,621.5751369945201
0.14547014,621.9751209951602
0.122446366,622.3751049958001
0.22966988,622.7750889964401
0.547211,623.1750729970801
0.26450276,623.57505699772
0.11310474,623.97504099836
0.16018549,624.375024999
0.13738747,624.7750089996399
0.34685367,625.1749930002799
0.92673093,625.57497700092
0.4700826,625.9749610015599
0.4895077,626.3749450021999
0.23079501,626.7749290028398
0.21580404,627.1749130034798
0.17855382,627.5748970041197
0.84052,627.9748810047597
0.1936292,628.3748650053997
0.1529452,628.7748490060397
0.18948475,629.1748330066797
0.7829573,629.5748170073197
0.6345202,629.9748010079596
0.16685273,630.3747850085996
0.31698737,630.7747690092395
2.5580301,631.1747530098795
3.1677032,631.5747370105195
0.68846935,631.9747210111594
1.2411128,632.3747050117995
2.248132,632.7746890124395
0.5272465,633.1746730130794
0.6392195,633.5746570137194
0.3971994,633.9746410143593
0.59742254,634.3746250149993
0.8255634,634.7746090156393
0.7149309,635.1745930162792
3.3415747,635.5745770169193
1.702249,635.9745610175593
1.4132171,636.3745450181992
1.4344406,636.7745290188392
0.78306955,637.1745130194791
1.5420253,637.5744970201191
0.7308309,637.9744810207591
0.9445455,638.374465021399
0.9460468,638.774449022039
0.43670645,639.1744330226791
0.3246757,639.574417023319
0.31010082,639.974401023959
0.43483645,640.374385024599
0.25832754,640.7743690252389
0.6954039,641.1743530258789
0.34646755,641.5743370265188
0.82340705,641.9743210271588
0.6710068,642.3743050277989
0.40395877,642.7742890284388
0.27008379,643.1742730290788
0.23490927,643.5742570297188
0.6209613,643.9742410303587
1.8160571,644.3742250309987
0.5459895,644.7742090316386
1.3860513,645.1741930322786
0.78340805,645.5741770329187
1.2580869,645.9741610335586
0.6832703,646.3741450341986
0.6783718,646.7741290348386
0.8981308,647.1741130354785
1.1333483,647.5740970361185
0.9731873,647.9740810367584
0.6721902,648.3740650373984
0.41173276,648.7740490380384
0.8883366,649.1740330386784
0.8141666,649.5740170393184
0.58476263,649.9740010399584
1.1142986,650.3739850405983
1.1393361,650.7739690412383
0.6969584,651.1739530418782
0.41223693,651.5739370425182
0.28422853,651.9739210431582
0.23265147,652.3739050437982
0.18860713,652.7738890444382
1.2237034,653.1738730450782
1.1987433,653.5738570457181
0.6498565,653.9738410463581
0.9914503,654.373825046998
1.1917856,654.773809047638
1.3833767,655.173793048278
1.2644322,655.5737770489179
1.2218866,655.973761049558
0.259738,656.373745050198
0.2776117,656.7737290508379
0.33891478,657.1737130514779
1.3787196,657.5736970521178
0.6016649,657.9736810527578
0.65494514,658.3736650533978
0.7710213,658.7736490540377
0.46396,659.1736330546778
0.32501143,659.5736170553178
0.1405258,659.9736010559577
0.16891356,660.3735850565977
0.18367717,660.7735690572376
0.19823262,661.1735530578776
0.27401635,661.5735370585176
0.21052352,661.9735210591575
0.28205973,662.3735050597975
0.25290936,662.7734890604376
1.0365987,663.1734730610775
0.6980314,663.5734570617175
0.35897604,663.9734410623574
0.26390147,664.3734250629974
0.2639091,664.7734090636374
1.1733149,665.1733930642773
0.8871877,665.5733770649173
1.1414529,665.9733610655574
1.5564972,666.3733450661973
0.8849361,666.7733290668373
1.1442486,667.1733130674772
0.35391697,667.5732970681172
1.0162326,667.9732810687572
0.6454944,668.3732650693971
0.35883176,668.7732490700371
1.3779957,669.1732330706772
0.44800365,669.5732170713171
0.22940357,669.9732010719571
1.074292,670.373185072597
1.0613022,670.773169073237
0.20487007,671.173153073877
0.1931576,671.5731370745169
0.26688477,671.9731210751569
0.29981348,672.3731050757968
0.19130728,672.7730890764369
0.17471276,673.1730730770769
0.660928,673.5730570777168
1.1787729,673.9730410783568
0.2978813,674.3730250789968
0.9681062,674.7730090796367
0.4889565,675.1729930802767
0.208625,675.5729770809166
0.61661357,675.9729610815567
0.4033109,676.3729450821967
1.096801,676.7729290828366
0.7368007,677.1729130834766
0.856063,677.5728970841166
0.37068745,677.9728810847565
0.4678402,678.3728650853965
0.19655058,678.7728490860364
0.8708185,679.1728330866764
0.68686146,679.5728170873165
0.23724939,679.9728010879564
0.14695053,680.3727850885964
0.087383956,680.7727690892364
0.6751562,681.1727530898763
0.6781849,681.5727370905163
0.41375282,681.9727210911562
0.16299577,682.3727050917962
0.16705847,682.7726890924363
0.10219443,683.1726730930762
0.25245056,683.5726570937162
0.9899509,683.9726410943562
0.29149187,684.3726250949961
0.16148672,684.7726090956361
0.8966652,685.172593096276
0.51800925,685.572577096916
0.62086016,685.972561097556
2.0773668,686.372545098196
2.6022792,686.772529098836
2.7709382,687.172513099476
2.03311,687.5724971001159
1.7956753,687.9724811007559
0.66086906,688.3724651013958
0.7255485,688.7724491020358
0.37107807,689.1724331026758
0.17175204,689.5724171033158
0.35899964,689.9724011039558
0.2036952,690.3723851045958
0.25489765,690.7723691052357
0.29138887,691.1723531058757
0.17645682,691.5723371065156
0.1850169,691.9723211071556
0.21000208,692.3723051077956
0.64524674,692.7722891084356
0.3888282,693.1722731090756
0.12874758,693.5722571097156
0.11904165,693.9722411103555
0.12029047,694.3722251109955
0.049450915,694.7722091116354
0.041385457,695.1721931122754
0.12963241,695.5721771129154
0.13539647,695.9721611135553
0.23597014,696.3721451141954
0.13884562,696.7721291148354
0.13189429,697.1721131154753
0.34890333,697.5720971161153
0.4965255,697.9720811167552
0.3246716,698.3720651173952
1.2239426,698.7720491180352
0.58273935,699.1720331186751
0.23057023,699.5720171193152
0.28330857,699.9720011199552
1.6834383,700.3719851205951
1.1779706,700.7719691212351
0.41641238,701.171953121875
0.4306572,701.571937122515
0.24186483,701.971921123155
0.59358704,702.3719051237949
0.3894436,702.7718891244349
1.2601646,703.171873125075
0.81063986,703.5718571257149
2.4776595,703.9718411263549
2.3075027,704.3718251269948
1.3724539,704.7718091276348
0.8240881,705.1717931282748
0.49319172,705.5717771289147
0.36393508,705.9717611295547
0.9629432,706.3717451301948
0.56060463,706.7717291308347
0.8264205,707.1717131314747
0.76588327,707.5716971321147
0.28382316,707.9716811327546
0.15227532,708.3716651333946
0.15586042,708.7716491340345
0.30507034,709.1716331346745
0.32851997,709.5716171353145
0.36174157,709.9716011359545
0.95552003,710.3715851365945
1.0315392,710.7715691372345
0.71664333,711.1715531378744
2.1054013,711.5715371385144
3.3501291,711.9715211391543
3.0483696,712.3715051397943
1.2486639,712.7714891404343
0.6037017,713.1714731410743
1.1520734,713.5714571417143
0.6647995,713.9714411423543
0.14814831,714.3714251429942
0.7611208,714.7714091436342
0.5807146,715.1713931442741
0.35022047,715.5713771449141
0.60929656,715.971361145554
0.49570587,716.3713451461941
0.46217325,716.7713291468341
0.6497016,717.171313147474
1.4426719,717.571297148114
0.569668,717.971281148754
0.19538854,718.3712651493939
0.46418115,718.7712491500339
0.15825634,719.1712331506739
0.466794,719.5712171513138
1.1452131,719.9712011519539
0.23424108,720.3711851525939
0.4962611,720.7711691532338
0.15955262,721.1711531538738
0.20578897,721.5711371545137
0.21737748,721.9711211551537
0.19599506,722.3711051557937
0.9340275,722.7710891564336
0.40835914,723.1710731570737
0.5097273,723.5710571577137
0.21541779,723.9710411583536
1.3569779,724.3710251589936
0.3671846,724.7710091596335
0.32133415,725.1709931602735
0.17552742,725.5709771609135
0.46660444,725.9709611615534
0.4477084,726.3709451621934
0.2211733,726.7709291628335
0.23144908,727.1709131634734
0.23031458,727.5708971641134
0.5519047,727.9708811647533
0.17232096,728.3708651653933
0.22909273,728.7708491660333
1.2532209,729.1708331666732
0.65517545,729.5708171673132
0.73415405,729.9708011679533
0.60623235,730.3707851685932
0.5900053,730.7707691692332
0.2948286,731.1707531698731
0.14178,731.5707371705131
0.77972895,731.9707211711531
0.44255137,732.370705171793
0.4380186,732.770689172433
0.08998372,733.1706731730729
0.13613296,733.570657173713
0.06389786,733.970641174353
0.9414997,734.3706251749929
0.7276204,734.7706091756329
0.26010472,735.1705931762729
0.115884386,735.5705771769128
0.5114521,735.9705611775528
0.6492781,736.3705451781927
0.32697952,736.7705291788328
0.41326034,737.1705131794728
0.70972335,737.5704971801127
0.46351334,737.9704811807527
0.2957207,738.3704651813927
0.4513591,738.7704491820326
0.48438355,739.1704331826726
0.21014571,739.5704171833125
0.36901936,739.9704011839526
1.2309704,740.3703851845926
0.72823244,740.7703691852325
0.38301408,741.1703531858725
0.93828416,741.5703371865125
0.75430787,741.9703211871524
0.9149902,742.3703051877924
0.9197524,742.7702891884323
1.3298308,743.1702731890723
1.2939273,743.5702571897124
1.3292882,743.9702411903523
2.1410959,744.3702251909923
1.1815696,744.7702091916323
1.2021691,745.1701931922722
0.92948574,745.5701771929122
0.20647162,745.9701611935521
1.193945,746.3701451941921
0.4218699,746.7701291948322
0.11804235,747.1701131954721
0.062019784,747.5700971961121
0.06193488,747.9700811967521
0.058017176,748.370065197392
0.30923465,748.770049198032
1.282934,749.170033198672
0.21583475,749.5700171993119
0.27657717,749.9700011999519
0.15452847,750.3699852005919
0.17406791,750.7699692012319
1.2112762,751.1699532018719
0.41552442,751.5699372025118
2.0626943,751.9699212031518
2.2029536,752.3699052037917
1.3734908,752.7698892044317
1.9525794,753.1698732050717
2.8264186,753.5698572057117
3.6210303,753.9698412063517
2.7248461,754.3698252069917
3.6275363,754.7698092076316
2.9263067,755.1697932082716
2.2487721,755.5697772089115
2.5050712,755.9697612095515
2.3526914,756.3697452101915
0.7723727,756.7697292108314
0.23647603,757.1697132114715
0.69586605,757.5696972121115
0.50971276,757.9696812127514
0.4311361,758.3696652133914
0.85142267,758.7696492140313
0.24451877,759.1696332146713
0.2235799,759.5696172153113
1.4125835,759.9696012159512
0.24660374,760.3695852165913
0.236171,760.7695692172313
0.91420555,761.1695532178712
1.4403303,761.5695372185112
1.4893043,761.9695212191511
0.25999424,762.3695052197911
0.34011677,762.7694892204311
0.09069703,763.169473221071
0.21698835,763.5694572217111
1.0522224,763.9694412223511
1.6422956,764.369425222991
0.5393038,764.769409223631
0.5432109,765.169393224271
0.5882336,765.5693772249109
1.3837961,765.9693612255509
1.0354145,766.3693452261908
1.3469732,766.7693292268308
1.8593392,767.1693132274709
0.62370485,767.5692972281108
0.35323,767.9692812287508
0.39183912,768.3692652293907
0.58064544,768.7692492300307
1.2791758,769.1692332306707
0.80177337,769.5692172313106
0.49112618,769.9692012319506
0.2724322,770.3691852325907
0.24035844,770.7691692332306
0.16893913,771.1691532338706
0.07224298,771.5691372345105
0.3475154,771.9691212351505
0.34805322,772.3691052357905
0.1273426,772.7690892364304
0.08086416,773.1690732370704
0.11606904,773.5690572377104
0.08219226,773.9690412383504
0.12880954,774.3690252389904
0.8470152,774.7690092396303
1.4567508,775.1689932402703
1.6841204,775.5689772409103
0.640722,775.9689612415502
0.51640904,776.3689452421902
0.37066412,776.7689292428302
0.9514588,777.1689132434702
0.21191089,777.5688972441102
0.27389732,777.9688812447502
